obs_id,train_id,count,season,year,workingday,weather,temp,humidity,windspeed
id_000001,train,985,Winter,0,0,Rain,6.715022,0.805833,17.30021509788
id_000002,train,801,Winter,0,0,Rain,7.989548,0.696087,26.79891153542
id_000003,train,1349,Winter,0,1,Dry,-3.039976,0.437273,26.77411160602
id_000004,test,NA,Winter,0,1,Dry,-2.8,0.590435,17.28404123088
id_000005,train,1600,Winter,0,1,Dry,-1.020838,0.436957,20.152638282
id_000006,test,NA,Winter,0,1,Dry,-2.513032,0.518261,9.657437550856
id_000007,test,NA,Winter,0,1,Rain,-3.029548,0.498696,18.19301255628
id_000008,valid,959,Winter,0,0,Rain,-5.11,0.535833,28.76834940712
id_000009,valid,822,Winter,0,0,Dry,-6.870022,0.434167,39.027541071
id_000010,train,1321,Winter,0,1,Dry,-6.045022,0.482917,24.07393842326
id_000011,train,1263,Winter,0,1,Rain,-4.839994,0.686364,13.16897816296
id_000012,train,1162,Winter,0,1,Dry,-4.600018,0.599545,32.84664388406
id_000013,valid,1406,Winter,0,1,Dry,-5.11,0.470417,32.45555978
id_000014,train,1421,Winter,0,1,Dry,-5.38258,0.537826,13.64513680744
id_000015,valid,1248,Winter,0,0,Rain,-0.600021999999999,0.49875,17.03248368614
id_000016,train,1204,Winter,0,0,Dry,-0.709978,0.48375,20.31793520274
id_000017,valid,1000,Winter,0,0,Rain,-4.395022,0.5375,20.92003435826
id_000018,test,NA,Winter,0,1,Rain,-1.699978,0.861667,15.8261288595
id_000019,train,1650,Winter,0,1,Rain,3.283484,0.741739,22.46194301226
id_000020,valid,1927,Winter,0,1,Rain,1.270022,0.538333,21.12350160512
id_000021,test,NA,Winter,0,1,Dry,-4.285,0.457083,38.08859417876
id_000022,train,981,Winter,0,0,Dry,-12.0973936,0.4,18.5427993866
id_000023,valid,986,Winter,0,0,Dry,-9.6295678,0.436522,26.589837348
id_000024,train,1416,Winter,0,1,Dry,-9.5721742,0.491739,17.0720557474
id_000025,train,1985,Winter,0,1,Rain,-1.250452,0.616957,13.99535494088
id_000026,train,506,Winter,0,1,Snow,-1.645,0.8625,31.684605453
id_000027,train,431,Winter,0,1,Dry,-3.13,0.6875,12.27456331786
id_000028,train,1167,Winter,0,1,Rain,-2.570452,0.793043,13.294918674
id_000029,test,NA,Winter,0,0,Dry,-3.029548,0.651739,15.6740945097
id_000030,train,1096,Winter,0,0,Dry,-1.709548,0.722174,7.977231551428
id_000031,train,1501,Winter,0,1,Rain,-4.065022,0.60375,20.18412340976
id_000032,train,1360,Winter,0,1,Rain,-3.316516,0.829565,5.73773323114
id_000033,train,1526,Winter,0,1,Rain,1.16,0.775417,28.49921626024
id_000034,train,1550,Winter,0,1,Dry,-3.660838,0.437826,29.94882604656
id_000035,valid,1708,Winter,0,1,Rain,-2.053936,0.585217,13.78433988942
id_000036,valid,1005,Winter,0,0,Rain,-0.600021999999999,0.929167,17.36846881662
id_000037,test,NA,Winter,0,0,Dry,2.864978,0.568333,15.289695604
id_000038,train,1712,Winter,0,1,Dry,1.930022,0.738333,4.896185365974
id_000039,valid,1530,Winter,0,1,Dry,-1.425022,0.537917,39.027541071
id_000040,train,1605,Winter,0,1,Rain,-7.104322,0.494783,20.36171246942
id_000041,valid,1538,Winter,0,1,Dry,-6.473032,0.437391,23.9303144843
id_000042,valid,1746,Winter,0,1,Dry,-3.519994,0.506364,11.704488419
id_000043,valid,1472,Winter,0,0,Dry,-1.315,0.544167,21.92820540126
id_000044,train,1589,Winter,0,0,Dry,4.890452,0.457391,28.12991296374
id_000045,train,1913,Winter,0,1,Dry,11.39,0.375833,45.06125606824
id_000046,valid,1815,Winter,0,1,Dry,1.561742,0.314348,31.41762882172
id_000047,train,2115,Winter,0,1,Dry,5.005226,0.423478,27.14956097198
id_000048,train,2475,Winter,0,1,Dry,12.764978,0.505,24.81114328112
id_000049,valid,2927,Winter,0,1,Dry,18.430022,0.516667,28.5657447665
id_000050,valid,1635,Winter,0,0,Dry,10.345022,0.187917,54.71759379614
id_000051,train,1812,Winter,0,0,Dry,2.824322,0.407826,24.0704879983
id_000052,test,NA,Winter,0,0,Rain,4.019978,0.605,33.19373506988
id_000053,train,1450,Winter,0,1,Dry,-3.973348,0.577778,21.09967210774
id_000054,train,1917,Winter,0,1,Dry,-1.365226,0.423043,10.14780763314
id_000055,train,1807,Winter,0,1,Rain,3.513032,0.697391,27.00992658688
id_000056,train,1461,Winter,0,1,Rain,8.046968,0.712174,37.36583797542
id_000057,train,1969,Winter,0,0,Dry,2.645,0.537917,20.11716360038
id_000058,train,2402,Winter,0,0,Dry,6.669548,0.68,13.50496329344
id_000059,valid,1446,Winter,0,1,Rain,10.880018,0.876364,31.23561890508
id_000060,train,1851,Winter,0,1,Dry,1.600022,0.535,23.3361944365
id_000061,test,NA,Winter,0,1,Dry,6.11,0.449583,33.19233333474
id_000062,train,1685,Winter,0,1,Dry,-2.910022,0.318333,24.34210113812
id_000063,train,1944,Winter,0,1,Rain,1.270022,0.610417,21.92594105988
id_000064,train,2077,Winter,0,0,Rain,9.355022,0.789167,27.15818703438
id_000065,train,605,Winter,0,0,Rain,8.850452,0.948261,37.01518853886
id_000066,train,1872,Winter,0,1,Dry,1.274774,0.551304,36.80654565456
id_000067,train,2133,Winter,0,1,Dry,3.305,0.420833,13.009180357
id_000068,valid,1891,Winter,0,1,Rain,3.524978,0.775417,23.737845467
id_000069,train,623,Winter,0,1,Snow,9.680006,0,28.23709178906
id_000070,valid,1977,Winter,0,1,Rain,4.890452,0.649565,25.1201719666
id_000071,train,2132,Winter,0,0,Dry,5.725022,0.594583,23.8052365795
id_000072,valid,2417,Winter,0,0,Dry,9.366968,0.527391,29.17808737112
id_000073,train,2046,Winter,0,1,Dry,5.464322,0.496957,14.76415275228
id_000074,train,2056,Winter,0,1,Rain,4.947806,0.655652,19.87326168602
id_000075,train,2192,Winter,0,1,Rain,8.104322,0.776522,21.90124895626
id_000076,test,NA,Winter,0,1,Dry,11.39,0.602917,22.59801914662
id_000077,valid,3239,Winter,0,1,Dry,19.64,0.525217,24.90958821826
id_000078,train,3117,Winter,0,0,Dry,15.185,0.379167,39.69789394526
id_000079,valid,2471,Winter,0,0,Dry,5.945,0.47375,22.39767884738
id_000080,test,NA,Spring,0,1,Rain,12.40871,0.737391,31.13825222574
id_000081,train,2703,Spring,0,1,Dry,13.150022,0.624583,24.341669835
id_000082,valid,2121,Spring,0,1,Rain,6.899162,0.839565,25.25937504858
id_000083,train,1865,Spring,0,1,Rain,2.81,0.805833,26.28652342886
id_000084,train,2210,Spring,0,1,Dry,1.435022,0.495,24.8781030905
id_000085,valid,2496,Spring,0,0,Dry,1.544978,0.394167,22.59715654038
id_000086,train,1693,Spring,0,0,Rain,0.700838000000001,0.493913,19.872291254
id_000087,valid,2028,Spring,0,1,Dry,1.446968,0.302174,22.88106181912
id_000088,train,2425,Spring,0,1,Dry,3.965,0.314167,24.47602075688
id_000089,train,1536,Spring,0,1,Rain,3.8,0.646667,18.64178345264
id_000090,train,1685,Spring,0,1,Snow,1.709978,0.918333,23.46784971388
id_000091,train,2227,Spring,0,1,Rain,3.8,0.68625,27.89539189224
id_000092,train,2252,Spring,0,0,Rain,4.79,0.65375,21.25742122388
id_000093,train,3249,Spring,0,0,Dry,8.969978,0.48,19.64725885114
id_000094,valid,3115,Spring,0,1,Dry,21.839978,0.42625,41.57449382038
id_000095,valid,1795,Spring,0,1,Rain,11.335022,0.642083,41.84362696726
id_000096,test,NA,Spring,0,1,Dry,9.794978,0.470833,28.36497316414
id_000097,train,3141,Spring,0,1,Dry,12.875,0.602917,17.50141800336
id_000098,test,NA,Spring,0,1,Rain,6.164978,0.83625,24.47558945376
id_000099,test,NA,Spring,0,0,Rain,6.605,0.8775,14.34977827974
id_000100,train,2895,Spring,0,0,Rain,12.160022,0.8575,15.82526625326
id_000101,train,3348,Spring,0,1,Rain,23.313032,0.716956,34.98666213972
id_000102,test,NA,Spring,0,1,Rain,17.165,0.739167,29.63904258062
id_000103,train,2162,Spring,0,1,Rain,11.225,0.819167,27.02297350626
id_000104,test,NA,Spring,0,1,Dry,14.855,0.540417,11.936313846
id_000105,train,3126,Spring,0,0,Dry,13.480022,0.67125,24.4090609475
id_000106,train,795,Spring,0,0,Snow,12.434978,0.888333,36.74788843024
id_000107,train,3744,Spring,0,0,Dry,14.140022,0.479583,32.72469292688
id_000108,train,3429,Spring,0,1,Dry,17.825,0.5425,17.63673935726
id_000109,valid,3204,Spring,0,1,Rain,17.384978,0.665833,17.03334629238
id_000110,train,3944,Spring,0,1,Dry,23.27,0.614167,26.0857518265
id_000111,test,NA,Spring,0,1,Dry,14.305022,0.407083,35.07119755124
id_000112,valid,1683,Spring,0,1,Rain,6.220022,0.729583,23.67002305138
id_000113,train,4036,Spring,0,0,Rain,14.36,0.887917,24.8781030905
id_000114,train,4191,Spring,0,0,Rain,22.390022,0.810833,20.7214192715
id_000115,train,4073,Spring,0,1,Dry,24.040022,0.776667,19.98367528474
id_000116,train,4400,Spring,0,1,Dry,25.690022,0.729167,35.20511717
id_000117,valid,3872,Spring,0,1,Rain,24.92,0.835417,33.663208516
id_000118,train,4058,Spring,0,1,Rain,24.755,0.700833,34.60215540824
id_000119,test,NA,Spring,0,1,Dry,17.66,0.457083,25.88498022414
id_000120,train,5312,Spring,0,0,Dry,15.185,0.503333,25.3471452335
id_000121,test,NA,Spring,0,0,Rain,13.810022,0.762083,11.46770300612
id_000122,train,4401,Spring,0,1,Rain,20.245022,0.73,19.78107064412
id_000123,train,4451,Spring,0,1,Rain,24.700022,0.697083,36.94833655526
id_000124,train,2633,Spring,0,1,Rain,11.335022,0.737083,35.47425031688
id_000125,test,NA,Spring,0,1,Dry,14.305022,0.444167,31.85087280576
id_000126,test,NA,Spring,0,1,Dry,15.625022,0.59,24.61080298188
id_000127,train,4714,Spring,0,0,Dry,18.32,0.54125,17.300646401
id_000128,train,4333,Spring,0,0,Dry,18.869978,0.631667,8.04784665475
id_000129,train,4362,Spring,0,1,Dry,19.145,0.58875,18.97733728
id_000130,train,4803,Spring,0,1,Dry,19.145,0.489167,12.47231579838
id_000131,train,4182,Spring,0,1,Dry,19.805,0.632917,13.00831775076
id_000132,train,4864,Spring,0,1,Dry,19.31,0.7475,20.45099221526
id_000133,train,4105,Spring,0,1,Rain,17.825,0.863333,19.3789883105
id_000134,train,3409,Spring,0,0,Rain,18.374978,0.9225,14.551089011
id_000135,test,NA,Spring,0,0,Rain,21.125,0.867083,16.49507999862
id_000136,test,NA,Spring,0,1,Dry,22.115,0.787917,13.67996453438
id_000137,train,4123,Spring,0,1,Rain,21.070022,0.837917,29.90591138612
id_000138,test,NA,Spring,0,1,Rain,20.3,0.87,21.72603206376
id_000139,test,NA,Spring,0,1,Rain,19.034978,0.829583,11.66815113114
id_000140,train,4917,Spring,0,1,Dry,19.420022,0.719583,13.47962423514
id_000141,train,5805,Spring,0,0,Dry,23.765,0.626667,13.009180357
id_000142,train,4660,Spring,0,0,Dry,23.875022,0.749583,15.95907804624
id_000143,train,4274,Spring,0,1,Rain,25.690022,0.81,25.21419604676
id_000144,train,4492,Spring,0,1,Rain,27.56,0.740833,22.32985643176
id_000145,train,4978,Spring,0,1,Dry,27.614978,0.69625,16.63029352674
id_000146,train,4677,Spring,0,1,Dry,30.749978,0.6775,21.52655437076
id_000147,train,4679,Spring,0,1,Dry,28.990022,0.65375,25.95140090462
id_000148,train,4758,Spring,0,0,Dry,27.284978,0.729583,24.80984937176
id_000149,train,4788,Spring,0,0,Dry,28.055,0.81875,23.06803172164
id_000150,valid,4098,Spring,0,0,Dry,32.399978,0.685,14.1494379805
id_000151,train,3982,Spring,0,1,Dry,35.15,0.636667,12.00413626162
id_000152,train,3974,Spring,0,1,Rain,34.435022,0.677083,22.32985643176
id_000153,train,4968,Spring,0,1,Dry,31.19,0.305,31.51607375886
id_000154,train,5312,Spring,0,1,Dry,24.92,0.354167,27.29296925938
id_000155,train,5342,Spring,0,0,Dry,25.91,0.45625,13.27788220076
id_000156,train,4906,Spring,0,0,Rain,26.789978,0.6525,14.95457307976
id_000157,train,4548,Spring,0,1,Dry,28.769978,0.6,13.14353127888
id_000158,train,4833,Spring,0,1,Dry,30.695,0.597917,20.25054409024
id_000159,train,4401,Spring,0,1,Dry,35.204978,0.622083,14.75239974226
id_000160,train,3915,Spring,0,1,Rain,37.349978,0.568333,16.16125138374
id_000161,train,4586,Spring,0,1,Dry,33.83,0.605,15.15534468212
id_000162,valid,4966,Spring,0,0,Dry,31.85,0.654583,16.696822033
id_000163,train,4460,Spring,0,0,Dry,29.705,0.747917,17.63673935726
id_000164,valid,5020,Spring,0,1,Dry,25.91,0.494583,32.924601923
id_000165,valid,4891,Spring,0,1,Dry,23.875022,0.507083,29.03564951574
id_000166,train,5180,Spring,0,1,Dry,25.360022,0.471667,18.10524237136
id_000167,train,3767,Spring,0,1,Rain,25.469978,0.688333,22.26289662238
id_000168,train,4844,Spring,0,1,Dry,26.845022,0.735833,15.42221348762
id_000169,train,5119,Spring,0,0,Dry,29.980022,0.670417,12.87526073824
id_000170,valid,4744,Spring,0,0,Rain,30.145022,0.666667,10.99822956
id_000171,train,4010,Spring,0,1,Rain,25.91,0.74625,16.7642131455
id_000172,valid,4835,Summer,0,1,Rain,28.934978,0.770417,18.4409040245
id_000173,test,NA,Summer,0,1,Dry,32.399978,0.7075,18.57428451436
id_000174,train,4790,Summer,0,1,Rain,32.069978,0.703333,25.74922756712
id_000175,train,4991,Summer,0,1,Dry,31.795022,0.573333,23.9400188045
id_000176,valid,5202,Summer,0,0,Dry,29.87,0.483333,22.59715654038
id_000177,valid,5305,Summer,0,0,Dry,28.88,0.513333,10.193126808474
id_000178,test,NA,Summer,0,1,Rain,29.045,0.658333,11.60076001864
id_000179,train,4648,Summer,0,1,Dry,33.115022,0.634167,15.55742701574
id_000180,valid,5225,Summer,0,1,Dry,32.069978,0.497917,28.23105354538
id_000181,train,5515,Summer,0,1,Dry,29.980022,0.434167,19.98141094336
id_000182,test,NA,Summer,0,1,Dry,31.685,0.39625,11.06378763424
id_000183,valid,5119,Summer,0,0,Dry,32.729978,0.444583,12.40664989836
id_000184,test,NA,Summer,0,0,Rain,31.300022,0.6825,24.67679235924
id_000185,valid,6043,Summer,0,0,Rain,31.960022,0.637917,8.785558293776
id_000186,train,4665,Summer,0,1,Dry,33.280022,0.590417,13.61386733124
id_000187,test,NA,Summer,0,1,Dry,31.52,0.743333,16.16125138374
id_000188,train,4592,Summer,0,1,Dry,33.5,0.65125,17.165864176
id_000189,valid,4040,Summer,0,1,Rain,30.805022,0.757917,24.27471002562
id_000190,train,5336,Summer,0,0,Dry,32.399978,0.609167,18.10524237136
id_000191,train,4881,Summer,0,0,Dry,33.335,0.578333,19.78290368238
id_000192,test,NA,Summer,0,1,Dry,34.325,0.635833,30.44320724786
id_000193,train,4258,Summer,0,1,Dry,36.415022,0.559167,21.59254374812
id_000194,test,NA,Summer,0,1,Dry,33.280022,0.631667,15.75690470874
id_000195,train,5084,Summer,0,1,Dry,28.934978,0.47625,25.95010699526
id_000196,train,5538,Summer,0,1,Dry,27.779978,0.59125,19.71411083474
id_000197,train,5923,Summer,0,0,Dry,29.320022,0.585,22.46463865676
id_000198,valid,5302,Summer,0,0,Dry,31.465022,0.604167,26.42087435074
id_000199,test,NA,Summer,0,1,Dry,33.280022,0.65125,23.26923462712
id_000200,train,4541,Summer,0,1,Dry,35.260022,0.650417,14.082046868
id_000201,train,4332,Summer,0,1,Dry,34.709978,0.707083,12.27240680226
id_000202,train,3784,Summer,0,1,Rain,37.79,0.69125,23.93958750138
id_000203,test,NA,Summer,0,1,Dry,39.989978,0.580417,14.351611318
id_000204,valid,3285,Summer,0,0,Dry,40.045022,0.5,14.14900667738
id_000205,train,3606,Summer,0,0,Dry,38.78,0.550833,18.24099502838
id_000206,test,NA,Summer,0,1,Dry,33.059978,0.757083,9.791475777974
id_000207,train,4590,Summer,0,1,Dry,34.930022,0.540833,21.59297505124
id_000208,test,NA,Summer,0,1,Dry,35.15,0.402917,19.78204107614
id_000209,train,4390,Summer,0,1,Dry,35.425022,0.583333,19.24463738862
id_000210,train,3846,Summer,0,1,Dry,39.329978,0.5425,18.77656567764
id_000211,test,NA,Summer,0,0,Dry,37.075022,0.465833,18.17263348386
id_000212,train,4302,Summer,0,0,Dry,37.184978,0.480833,17.77109027914
id_000213,train,4266,Summer,0,1,Dry,34.930022,0.550833,16.89813276426
id_000214,valid,4845,Summer,0,1,Dry,35.699978,0.49125,22.195936813
id_000215,train,3574,Summer,0,1,Rain,32.290022,0.6575,14.61934272974
id_000216,valid,4576,Summer,0,1,Rain,30.86,0.7575,21.257852527
id_000217,valid,4866,Summer,0,1,Dry,30.914978,0.630833,19.91499026288
id_000218,valid,4294,Summer,0,0,Rain,31.300022,0.755,24.611234285
id_000219,test,NA,Summer,0,0,Dry,33.005,0.752917,21.72549293486
id_000220,train,4326,Summer,0,1,Dry,34.49,0.592083,20.7214192715
id_000221,valid,4602,Summer,0,1,Dry,35.15,0.570417,16.29473969938
id_000222,train,4780,Summer,0,1,Dry,34.600022,0.424167,21.59297505124
id_000223,train,4792,Summer,0,1,Dry,31.355,0.42375,17.76925724088
id_000224,test,NA,Summer,0,1,Dry,30.749978,0.415,13.54518230938
id_000225,valid,4150,Summer,0,0,Rain,29.264978,0.729583,22.80019248412
id_000226,train,3820,Summer,0,0,Rain,28.660022,0.8175,24.00557687874
id_000227,test,NA,Summer,0,1,Dry,27.944978,0.712083,22.53062803412
id_000228,train,4725,Summer,0,1,Dry,30.254978,0.578333,25.48235876162
id_000229,test,NA,Summer,0,1,Dry,31.739978,0.575417,15.49100633526
id_000230,test,NA,Summer,0,1,Dry,30.970022,0.654583,25.14583450224
id_000231,train,4153,Summer,0,1,Rain,29.21,0.722917,15.02099376024
id_000232,train,5191,Summer,0,0,Dry,30.035,0.674167,11.26423575926
id_000233,train,3873,Summer,0,0,Dry,30.914978,0.77,26.82209407812
id_000234,train,4758,Summer,0,1,Dry,29.650022,0.47,29.840784615
id_000235,train,5895,Summer,0,1,Dry,26.294978,0.455417,15.82483495014
id_000236,train,5130,Summer,0,1,Dry,28.439978,0.605,27.29156752424
id_000237,train,3542,Summer,0,1,Rain,29.155022,0.771667,22.73323267474
id_000238,train,4661,Summer,0,1,Dry,30.2,0.76125,9.05332205325
id_000239,valid,1115,Summer,0,0,Rain,28.88,0.85,40.50119600626
id_000240,test,NA,Summer,0,0,Dry,30.665894,0.561765,32.85009430902
id_000241,test,NA,Summer,0,1,Dry,26.020022,0.554583,17.2332552885
id_000242,train,5204,Summer,0,1,Dry,26.185022,0.548333,13.47908510624
id_000243,test,NA,Summer,0,1,Dry,27.340022,0.597917,8.985478072474
id_000244,train,5115,Summer,0,1,Dry,27.23,0.639167,15.28926430088
id_000245,train,4727,Summer,0,1,Rain,26.459978,0.727083,15.08795356962
id_000246,test,NA,Summer,0,0,Dry,28.165022,0.716667,19.9828126785
id_000247,train,4940,Summer,0,0,Dry,30.805022,0.742083,22.26246531926
id_000248,train,3351,Summer,0,0,Rain,28.439978,0.790417,22.93411210288
id_000249,valid,2710,Summer,0,1,Snow,19.64,0.886957,37.08592225054
id_000250,test,NA,Summer,0,1,Snow,23.545022,0.917083,10.461343436224
id_000251,train,1842,Summer,0,1,Snow,25.838258,0.939565,20.78320344344
id_000252,valid,3544,Summer,0,1,Rain,26.9,0.897917,13.41126269062
id_000253,train,5345,Summer,0,0,Dry,27.56,0.75375,16.56290241424
id_000254,test,NA,Summer,0,0,Dry,27.119978,0.71375,12.40578729212
id_000255,train,4713,Summer,0,1,Dry,26.526968,0.692174,9.58711357714
id_000256,train,4763,Summer,0,1,Dry,26.954978,0.7125,15.29012690712
id_000257,train,4785,Summer,0,1,Dry,28.439978,0.697083,18.039252994
id_000258,train,3659,Summer,0,1,Rain,22.115,0.709167,29.23652894388
id_000259,train,4760,Summer,0,1,Rain,14.965022,0.590417,17.70316003774
id_000260,valid,4511,Summer,0,0,Rain,16.450022,0.718333,20.4518548215
id_000261,train,4274,Summer,0,0,Dry,17.495,0.695,19.24506869174
id_000262,train,4539,Summer,0,1,Rain,20.245022,0.69,16.36169950876
id_000263,valid,3641,Summer,0,1,Rain,21.070022,0.88125,14.55152031412
id_000264,train,4352,Summer,0,1,Rain,23.27,0.9,10.394858060276
id_000265,train,4795,Summer,0,1,Rain,25.469978,0.902083,13.8151780625
id_000266,train,2395,Fall,0,1,Rain,24.205022,0.9725,8.449950553526
id_000267,train,5423,Fall,0,0,Rain,24.040022,0.8625,8.451740461474
id_000268,train,5010,Fall,0,0,Rain,25.855022,0.845,5.432176535776
id_000269,train,4630,Fall,0,1,Rain,26.845022,0.848333,11.936313846
id_000270,test,NA,Fall,0,1,Rain,26.020022,0.885417,12.74188024838
id_000271,train,3907,Fall,0,1,Rain,25.91,0.84875,16.02603785562
id_000272,train,4839,Fall,0,1,Dry,24.700022,0.699167,18.64124432374
id_000273,train,5202,Fall,0,1,Dry,21.235022,0.6475,22.2633279255
id_000274,train,2429,Fall,0,0,Rain,11.06,0.75375,31.51704419088
id_000275,train,2918,Fall,0,0,Rain,7.540022,0.791667,23.93872489514
id_000276,train,3570,Fall,0,1,Rain,9.355022,0.760833,8.986825894724
id_000277,valid,4456,Fall,0,1,Dry,15.955022,0.71,22.19636811612
id_000278,train,4826,Fall,0,1,Dry,19.529978,0.647917,19.112119505
id_000279,train,4765,Fall,0,1,Dry,16.615022,0.620833,14.55152031412
id_000280,train,4985,Fall,0,1,Dry,17.714978,0.684167,2.414402518026
id_000281,train,5409,Fall,0,0,Dry,18.430022,0.70125,4.895743280276
id_000282,train,5511,Fall,0,0,Dry,19.694978,0.7275,6.841545741
id_000283,train,5117,Fall,0,0,Dry,21.674978,0.73375,4.561483362276
id_000284,train,4563,Fall,0,1,Rain,21.400022,0.80875,15.42361522276
id_000285,test,NA,Fall,0,1,Snow,19.859978,0.90625,26.756967307
id_000286,valid,2913,Fall,0,1,Rain,22.885022,0.896667,15.28829386886
id_000287,train,3644,Fall,0,1,Rain,20.354978,0.71625,24.14035910374
id_000288,train,5217,Fall,0,0,Dry,17.440022,0.483333,27.82800077974
id_000289,train,5041,Fall,0,0,Dry,17.770022,0.486667,30.37635526426
id_000290,train,4570,Fall,0,1,Dry,19.255022,0.579583,18.91037747062
id_000291,train,4748,Fall,0,1,Rain,19.145,0.701667,11.870216642860001
id_000292,train,2424,Fall,0,1,Snow,19.754774,0.895217,26.23821747942
id_000293,train,4195,Fall,0,1,Dry,15.404978,0.63625,45.5321312495
id_000294,valid,4304,Fall,0,1,Dry,12.215,0.574167,23.87219638888
id_000295,train,4308,Fall,0,0,Dry,11.885,0.629167,9.991859207526
id_000296,test,NA,Fall,0,0,Dry,11.830022,0.74125,10.73001293225
id_000297,valid,4187,Fall,0,1,Dry,14.579978,0.772083,12.80884005776
id_000298,valid,4687,Fall,0,1,Dry,15.130022,0.622917,17.97002884324
id_000299,test,NA,Fall,0,1,Rain,15.955022,0.720417,16.02743959076
id_000300,train,2659,Fall,0,1,Rain,15.02,0.812917,21.32394973014
id_000301,train,3747,Fall,0,1,Rain,5.8349780000000004,0.585833,24.74375216862
id_000302,train,627,Fall,0,0,Snow,0.775022,0.8825,37.88685214438
id_000303,valid,3331,Fall,0,0,Dry,5.065022,0.62375,19.04386578626
id_000304,train,3669,Fall,0,1,Dry,6.44,0.703333,11.467271703
id_000305,train,4068,Fall,0,1,Dry,10.454978,0.68375,14.61804882038
id_000306,train,4186,Fall,0,1,Dry,8.915,0.71875,8.851601584026
id_000307,test,NA,Fall,0,1,Dry,10.949978,0.702083,14.75239974226
id_000308,test,NA,Fall,0,1,Rain,10.619978,0.6225,29.30478266262
id_000309,valid,3926,Fall,0,0,Dry,5.560022,0.519167,20.38575761836
id_000310,train,3649,Fall,0,0,Dry,6.989978,0.734583,9.925815917276
id_000311,valid,4035,Fall,0,1,Dry,10.07,0.75875,6.1703302605
id_000312,train,4205,Fall,0,1,Dry,10.949978,0.721667,7.44402228675
id_000313,train,4109,Fall,0,1,Dry,10.4,0.758333,6.706310647724
id_000314,test,NA,Fall,0,1,Rain,9.08,0.813333,20.38629674726
id_000315,train,3368,Fall,0,0,Dry,5.395022,0.44625,33.9300773215
id_000316,train,4067,Fall,0,0,Dry,7.540022,0.552917,22.86575055836
id_000317,train,3717,Fall,0,0,Dry,13.094978,0.458333,30.37678656738
id_000318,test,NA,Fall,0,1,Dry,18.98,0.587083,33.05895284488
id_000319,train,4195,Fall,0,1,Rain,18.98,0.68875,21.52558393874
id_000320,train,1817,Fall,0,1,Snow,14.140022,0.93,14.75369365162
id_000321,valid,3053,Fall,0,1,Rain,6.550022,0.575833,32.92589583236
id_000322,train,3392,Fall,0,1,Dry,2.095022,0.41,18.17220218074
id_000323,test,NA,Fall,0,0,Dry,5.725022,0.502083,24.20645630688
id_000324,train,3520,Fall,0,0,Rain,14.579978,0.684583,20.050203791
id_000325,valid,2765,Fall,0,1,Snow,13.535,0.91,14.88578023212
id_000326,train,1607,Fall,0,1,Snow,11.500022,0.9625,12.80884005776
id_000327,valid,2566,Fall,0,1,Rain,13.094978,0.757917,36.2105925685
id_000328,valid,1495,Fall,0,0,Dry,8.639978,0.549167,18.03968429712
id_000329,train,2792,Fall,0,1,Dry,8.75,0.64375,10.663516773724
id_000330,train,3068,Fall,0,0,Dry,8.804978,0.681667,7.377526128224
id_000331,valid,3071,Fall,0,0,Dry,14.305022,0.698333,22.53062803412
id_000332,valid,3867,Fall,0,1,Dry,17.229548,0.743043,15.32441550516
id_000333,valid,2914,Fall,0,1,Rain,14.249978,0.830833,27.82897121176
id_000334,test,NA,Fall,0,1,Dry,5.45,0.613333,29.23782285324
id_000335,train,3727,Fall,0,1,Dry,4.625,0.524583,23.73870807324
id_000336,train,3940,Fall,0,1,Dry,4.735022,0.625833,10.86387863812
id_000337,valid,3614,Fall,0,0,Dry,3.745022,0.612917,10.327909033474
id_000338,valid,3485,Fall,0,0,Dry,5.8349780000000004,0.775833,9.052869184974
id_000339,test,NA,Fall,0,1,Rain,9.464978,0.827083,6.707658469974
id_000340,test,NA,Fall,0,1,Snow,14.525,0.949583,25.07844338974
id_000341,train,705,Fall,0,1,Snow,11.06,0.970417,28.7005269915
id_000342,test,NA,Fall,0,1,Dry,1.544978,0.58,25.88444109524
id_000343,valid,3620,Fall,0,1,Dry,3.194978,0.695833,8.918992696526
id_000344,valid,3190,Fall,0,0,Dry,2.15,0.5075,25.14723623738
id_000345,valid,2743,Fall,0,0,Dry,-1.425022,0.49,7.174910705026
id_000346,valid,3310,Fall,0,1,Dry,-0.270022000000001,0.670833,6.841545741
id_000347,train,3523,Fall,0,1,Dry,2.645,0.59,15.154913379
id_000348,test,NA,Fall,0,1,Rain,4.955,0.66375,6.572876244974
id_000349,train,3709,Fall,0,1,Rain,11.885,0.634167,28.90183772276
id_000350,train,3577,Fall,0,1,Rain,8.75,0.500417,28.0967026235
id_000351,train,2739,Fall,0,0,Rain,1.049978,0.560833,26.21967144526
id_000352,train,2431,Fall,0,0,Dry,-0.270022000000001,0.58625,18.30655310262
id_000353,train,3403,Fall,0,1,Dry,2.260022,0.6375,18.64264605888
id_000354,train,3750,Fall,0,1,Rain,9.464978,0.595417,6.638919535224
id_000355,train,2660,Winter,0,1,Rain,12.269978,0.858333,23.872627692
id_000356,train,3068,Winter,0,1,Rain,11.939978,0.7575,5.0974637495
id_000357,train,2209,Winter,0,1,Dry,8.639978,0.68625,29.57078886188
id_000358,valid,1011,Winter,0,0,Dry,3.965,0.5425,20.51967723712
id_000359,train,754,Winter,0,0,Dry,2.135678,0.681304,16.72280804598
id_000360,test,NA,Winter,0,0,Dry,5.234774,0.506957,25.8205004077
id_000361,train,1162,Winter,0,1,Rain,5.45,0.7625,20.319768241
id_000362,train,2302,Winter,0,1,Dry,3.74258,0.50391300000000006,31.69657411458
id_000363,test,NA,Winter,0,1,Dry,0.389977999999999,0.574167,12.87569204136
id_000364,train,2999,Winter,0,1,Dry,4.570022,0.636667,14.48499180786
id_000365,train,2485,Winter,0,0,Dry,11.06,0.615833,23.73827677012
id_000366,train,2294,Winter,1,0,Dry,8.42,0.6925,20.72055666526
id_000367,train,1951,Winter,1,0,Dry,2.020838,0.381304,35.5463857637
id_000368,test,NA,Winter,1,1,Dry,-6.1,0.44125,39.42876079838
id_000369,valid,2368,Winter,1,1,Rain,-8.905,0.414583,19.915421566
id_000370,valid,3272,Winter,1,1,Dry,1.544978,0.524167,14.01594966486
id_000371,test,NA,Winter,1,1,Dry,6.055022,0.542083,18.10481106824
id_000372,valid,4521,Winter,1,0,Dry,9.959978,0.531667,18.84341766124
id_000373,test,NA,Winter,1,0,Dry,6.275,0.465,20.65316555276
id_000374,test,NA,Winter,1,1,Rain,-1.204978,0.701667,10.663969642
id_000375,train,3598,Winter,1,1,Dry,4.373936,0.646522,20.22294069056
id_000376,train,2177,Winter,1,1,Rain,2.095022,0.8475,14.14900667738
id_000377,train,4097,Winter,1,1,Rain,9.245,0.802917,19.51290792926
id_000378,train,3214,Winter,1,1,Dry,2.095022,0.5075,40.76979002424
id_000379,train,2493,Winter,1,0,Dry,-4.12,0.4575,20.18315297774
id_000380,valid,2311,Winter,1,0,Dry,-4.999978,0.419167,27.09208983124
id_000381,test,NA,Winter,1,0,Dry,-3.46,0.5225,24.94635680924
id_000382,train,2935,Winter,1,1,Rain,8.6208379999999991,0.716087,37.6452145714
id_000383,train,3376,Winter,1,1,Dry,4.019978,0.443333,44.79395595962
id_000384,train,3292,Winter,1,1,Dry,-3.46,0.4975,23.73870807324
id_000385,test,NA,Winter,1,1,Rain,-1.645,0.45,21.861676895
id_000386,train,1301,Winter,1,0,Rain,-4.560022,0.83125,24.00654731076
id_000387,test,NA,Winter,1,0,Rain,-5.275,0.79625,21.52612306764
id_000388,train,2432,Winter,1,1,Rain,-1.590022,0.91125,11.93717645224
id_000389,train,4339,Winter,1,1,Dry,6.605,0.835833,13.34527331326
id_000390,train,4270,Winter,1,1,Dry,3.415022,0.64375,17.36760621038
id_000391,valid,4075,Winter,1,1,Rain,6.550022,0.769583,7.913959383724
id_000392,train,3456,Winter,1,1,Rain,12.05,0.74125,36.94833655526
id_000393,train,4023,Winter,1,0,Dry,4.844978,0.543333,22.73280137162
id_000394,test,NA,Winter,1,0,Dry,2.645,0.31125,25.883578489
id_000395,valid,3624,Winter,1,1,Dry,1.765022,0.400833,23.26794071776
id_000396,train,4509,Winter,1,1,Dry,9.74,0.416667,28.23062224226
id_000397,valid,4579,Winter,1,1,Dry,14.965022,0.507917,20.38629674726
id_000398,test,NA,Winter,1,1,Rain,10.345022,0.672917,20.18358428086
id_000399,train,4151,Winter,1,1,Dry,4.679978,0.526667,19.24647042688
id_000400,train,2832,Winter,1,0,Rain,1.435022,0.779583,13.14353127888
id_000401,valid,2947,Winter,1,0,Rain,1.544978,0.687917,18.97690597688
id_000402,train,3784,Winter,1,1,Dry,2.652194,0.622174,16.583604964
id_000403,train,4375,Winter,1,1,Dry,7.375022,0.49625,15.89125563062
id_000404,test,NA,Winter,1,1,Rain,0.940021999999999,0.722917,14.41857112738
id_000405,train,3830,Winter,1,1,Dry,1.49,0.562083,20.92219087386
id_000406,train,3831,Winter,1,1,Rain,2.534978,0.54,12.60796062962
id_000407,train,2169,Winter,1,0,Snow,-1.204978,0.73125,31.24747974088
id_000408,train,1529,Winter,1,0,Dry,-7.585,0.464583,44.12360308536
id_000409,train,3422,Winter,1,1,Dry,-1.315,0.41125,18.03741995574
id_000410,test,NA,Winter,1,1,Rain,5.065022,0.50875,15.22273579462
id_000411,test,NA,Winter,1,1,Dry,6.989978,0.53125,19.581161648
id_000412,train,3005,Winter,1,1,Rain,4.900022,0.752917,9.8579719365
id_000413,test,NA,Winter,1,1,Dry,6.659978,0.634583,22.19550550988
id_000414,train,4318,Winter,1,0,Dry,6.880022,0.534583,20.58706834962
id_000415,train,2689,Winter,1,0,Rain,2.48,0.515833,27.29199882736
id_000416,test,NA,Winter,1,0,Dry,2.48,0.507826,24.70105315974
id_000417,train,3777,Winter,1,1,Dry,2.996516,0.594348,22.18159598426
id_000418,train,4773,Winter,1,1,Dry,10.124978,0.567917,25.28201846238
id_000419,train,5062,Winter,1,1,Dry,13.975022,0.554583,20.58534313714
id_000420,train,3487,Winter,1,1,Rain,10.895,0.7375,25.61584707726
id_000421,train,2732,Winter,1,0,Dry,3.194978,0.395833,45.46387753076
id_000422,train,3389,Winter,1,0,Dry,2.425022,0.41,22.12897700362
id_000423,train,4322,Winter,1,1,Dry,8.200022,0.490833,28.90086729074
id_000424,test,NA,Winter,1,1,Dry,7.705022,0.395833,20.85533889026
id_000425,valid,1834,Winter,1,1,Rain,6.726968,0.804783,19.31343023626
id_000426,train,4990,Winter,1,1,Dry,16.064978,0.615417,24.47505032486
id_000427,train,3194,Winter,1,1,Rain,7.319978,0.657083,15.62438682512
id_000428,valid,4066,Winter,1,0,Rain,11.335022,0.62125,17.36846881662
id_000429,train,3423,Winter,1,0,Dry,5.504978,0.403333,36.07537904038
id_000430,test,NA,Winter,1,1,Dry,0.059978000000001,0.50625,24.67679235924
id_000431,train,3956,Winter,1,1,Dry,1.049978,0.456667,21.6595035575
id_000432,train,4916,Winter,1,1,Dry,10.675022,0.513333,37.28389038262
id_000433,train,5382,Winter,1,1,Dry,18.815,0.5675,47.61187489414
id_000434,train,4569,Winter,1,1,Rain,11.114978,0.407083,44.726133544
id_000435,train,4118,Winter,1,0,Dry,2.975,0.350417,24.341669835
id_000436,valid,4911,Winter,1,0,Dry,7.874774,0.476957,24.00061689286
id_000437,test,NA,Winter,1,1,Dry,14.800022,0.489167,22.39681624114
id_000438,test,NA,Winter,1,1,Dry,21.29,0.6175,25.549318571
id_000439,test,NA,Winter,1,1,Dry,21.785,0.507083,12.40664989836
id_000440,train,6192,Winter,1,1,Dry,20.795,0.579583,16.16125138374
id_000441,valid,4378,Winter,1,1,Rain,12.764978,0.842083,12.20501568976
id_000442,train,7836,Winter,1,0,Rain,17.935022,0.755833,11.93674514912
id_000443,train,5892,Winter,1,0,Rain,15.185,0.81,13.681258443740001
id_000444,train,6153,Winter,1,1,Dry,19.97,0.72875,17.50195713226
id_000445,train,6093,Winter,1,1,Dry,21.014978,0.807917,13.07614016638
id_000446,valid,6230,Spring,1,1,Rain,19.090022,0.82125,9.656693552974
id_000447,test,NA,Spring,1,1,Dry,20.575022,0.83125,12.67621434836
id_000448,train,8362,Spring,1,1,Rain,23.710022,0.694167,12.540138214
id_000449,train,3372,Spring,1,0,Rain,17.165,0.885417,20.78697734574
id_000450,train,4996,Spring,1,0,Rain,12.875,0.880833,23.8052365795
id_000451,test,NA,Spring,1,1,Dry,13.424978,0.477917,41.70927604538
id_000452,train,5102,Spring,1,1,Dry,5.339978,0.29,20.18412340976
id_000453,valid,5698,Spring,1,1,Dry,15.955022,0.48125,31.44965307838
id_000454,test,NA,Spring,1,1,Dry,16.615022,0.439167,34.466510577
id_000455,train,5459,Spring,1,1,Rain,8.42,0.580833,14.88718196726
id_000456,train,6235,Spring,1,0,Rain,11.995022,0.738333,27.02297350626
id_000457,train,6041,Spring,1,0,Rain,12.104978,0.67625,18.57482364326
id_000458,train,5936,Spring,1,1,Dry,12.638258,0.504348,33.65663114342
id_000459,train,6772,Spring,1,1,Dry,14.800022,0.396667,10.79691882874
id_000460,train,6436,Spring,1,1,Dry,19.750022,0.469583,19.5137705355
id_000461,test,NA,Spring,1,1,Dry,12.71,0.374167,23.67088565762
id_000462,train,6460,Spring,1,1,Dry,10.619978,0.377083,32.38957040264
id_000463,train,6857,Spring,1,0,Dry,12.875,0.254167,29.63817997438
id_000464,test,NA,Spring,1,0,Dry,17,0.275833,25.07984512488
id_000465,valid,5585,Spring,1,1,Dry,16.285022,0.3175,38.62276309288
id_000466,train,5918,Spring,1,1,Dry,13.480022,0.435,26.8890538875
id_000467,valid,4862,Spring,1,1,Dry,7.013936,0.469565,31.83814936372
id_000468,test,NA,Spring,1,1,Dry,10.235,0.46625,31.31573345962
id_000469,test,NA,Spring,1,1,Dry,13.205,0.408333,16.76378184238
id_000470,test,NA,Spring,1,0,Dry,16.67,0.502917,20.58577444026
id_000471,train,7132,Spring,1,0,Dry,24.040022,0.507917,24.27471002562
id_000472,train,6370,Spring,1,0,Dry,27.835022,0.561667,30.71190909162
id_000473,train,6691,Spring,1,1,Dry,24.149978,0.390417,29.50426035562
id_000474,valid,4367,Spring,1,1,Rain,14.579978,0.569167,18.10524237136
id_000475,train,6565,Spring,1,1,Dry,16.889978,0.6125,7.108867414776
id_000476,valid,7290,Spring,1,1,Dry,18.760022,0.694583,16.15995747438
id_000477,test,NA,Spring,1,0,Dry,21.62,0.682917,30.57798947286
id_000478,train,1027,Spring,1,0,Snow,10.180022,0.835417,37.15094119588
id_000479,train,3214,Spring,1,1,Rain,5.230022,0.766667,32.72469292688
id_000480,valid,5633,Spring,1,1,Dry,11.279978,0.454167,26.88991649374
id_000481,valid,6196,Spring,1,1,Dry,15.460022,0.427917,12.80884005776
id_000482,valid,5026,Spring,1,1,Rain,16.889978,0.756667,19.0447283925
id_000483,test,NA,Spring,1,1,Dry,14.195,0.400833,37.48379937874
id_000484,train,4220,Spring,1,0,Rain,8.860022,0.489583,14.0146557555
id_000485,train,6304,Spring,1,0,Dry,14.249978,0.587083,12.60569628824
id_000486,train,5572,Spring,1,1,Rain,14.635022,0.57,18.50700122764
id_000487,test,NA,Spring,1,1,Rain,24.479978,0.659583,16.83117295488
id_000488,train,6169,Spring,1,1,Dry,21.235022,0.797083,14.88621153524
id_000489,test,NA,Spring,1,1,Rain,20.96,0.768333,14.41587548288
id_000490,train,6296,Spring,1,1,Dry,25.415,0.735417,17.56891694164
id_000491,train,6883,Spring,1,0,Rain,25.030022,0.756667,16.49648173376
id_000492,valid,6359,Spring,1,0,Rain,21.125,0.74,16.16082008062
id_000493,train,6273,Spring,1,1,Rain,19.475,0.664167,24.87767178738
id_000494,train,5728,Spring,1,1,Rain,22.390022,0.685833,31.91955782762
id_000495,train,4717,Spring,1,1,Rain,21.95,0.744167,23.33479270136
id_000496,train,6572,Spring,1,1,Dry,17.384978,0.552083,33.86408794414
id_000497,train,7030,Spring,1,1,Dry,19.199978,0.360417,25.54791683586
id_000498,train,7429,Spring,1,0,Dry,21.235022,0.480417,13.27691176874
id_000499,test,NA,Spring,1,0,Dry,24.425,0.57625,24.27341611626
id_000500,valid,2843,Spring,1,1,Rain,21.839978,0.789583,22.93368079976
id_000501,test,NA,Spring,1,1,Rain,24.370022,0.794583,15.89265736576
id_000502,valid,7424,Spring,1,1,Dry,26.020022,0.697917,13.20995195936
id_000503,train,7384,Spring,1,1,Dry,23.159978,0.52,24.7433208655
id_000504,test,NA,Spring,1,1,Dry,21.235022,0.523333,14.75239974226
id_000505,train,8294,Spring,1,0,Dry,23.6,0.45625,9.0546698755
id_000506,test,NA,Spring,1,0,Dry,24.974978,0.530417,27.42732018126
id_000507,train,4359,Spring,1,1,Rain,23.489978,0.81125,25.14540319912
id_000508,train,6073,Spring,1,1,Rain,24.59,0.765833,12.74144894526
id_000509,train,5260,Spring,1,1,Rain,25.030022,0.774583,10.99822956
id_000510,train,6770,Spring,1,1,Dry,27.23,0.716667,18.64264605888
id_000511,test,NA,Spring,1,1,Dry,28.88,0.747083,15.154913379
id_000512,train,6536,Spring,1,0,Dry,29.705,0.7325,21.45646761376
id_000513,train,6591,Spring,1,0,Dry,29.54,0.697083,23.20098090838
id_000514,valid,6043,Spring,1,0,Dry,31.025,0.67625,21.19003011138
id_000515,valid,5743,Spring,1,1,Dry,31.685,0.684583,31.851735412
id_000516,train,6855,Spring,1,1,Rain,27.340022,0.67,14.48412920162
id_000517,train,7338,Spring,1,1,Dry,28.88,0.492917,21.05611049262
id_000518,valid,4127,Spring,1,1,Rain,27.175022,0.755417,25.61541577414
id_000519,train,8120,Spring,1,0,Dry,22.499978,0.549167,20.11619316836
id_000520,train,7641,Spring,1,0,Dry,23.765,0.493333,19.84932436286
id_000521,train,6998,Spring,1,1,Dry,23.435,0.487083,30.71234039474
id_000522,test,NA,Spring,1,1,Rain,19.694978,0.613333,22.5975878435
id_000523,train,7055,Spring,1,1,Dry,20.575022,0.61125,8.3160632825
id_000524,valid,7494,Spring,1,1,Dry,23.765,0.567083,16.966386483
id_000525,train,7736,Spring,1,1,Dry,26.845022,0.467917,18.91080877374
id_000526,train,7498,Spring,1,0,Dry,30.914978,0.437083,15.55785831886
id_000527,valid,6598,Spring,1,0,Dry,31.960022,0.538333,14.41857112738
id_000528,train,6664,Spring,1,1,Rain,31.574978,0.587917,22.39681624114
id_000529,test,NA,Spring,1,1,Rain,27.119978,0.833333,23.13358979588
id_000530,train,7421,Spring,1,1,Dry,27.284978,0.582083,37.01432593262
id_000531,train,7363,Spring,1,1,Dry,26.789978,0.569583,27.35895863674
id_000532,train,7665,Spring,1,1,Dry,26.185022,0.589583,19.04386578626
id_000533,train,7702,Spring,1,0,Dry,25.690022,0.504167,17.97099927526
id_000534,valid,6978,Spring,1,0,Dry,23.105,0.59875,15.62438682512
id_000535,valid,5099,Spring,1,1,Rain,21.509978,0.777917,18.84212375188
id_000536,test,NA,Spring,1,1,Dry,29.429978,0.69,15.96004847826
id_000537,train,6211,Spring,1,1,Dry,35.645,0.592083,12.27186767336
id_000538,train,5905,Summer,1,1,Dry,37.184978,0.567917,12.80830092886
id_000539,train,5823,Summer,1,1,Dry,35.315,0.57375,19.71508126676
id_000540,train,7458,Summer,1,0,Dry,32.290022,0.534583,19.37855700738
id_000541,train,6891,Summer,1,0,Dry,33.059978,0.479167,15.6913466345
id_000542,valid,6779,Summer,1,1,Dry,31.244978,0.504167,32.38903127374
id_000543,train,7442,Summer,1,1,Dry,25.634978,0.373333,37.48476981076
id_000544,test,NA,Summer,1,1,Dry,30.035,0.36,29.3043513595
id_000545,valid,6879,Summer,1,1,Dry,33.445022,0.4225,18.508295137
id_000546,train,5463,Summer,1,1,Dry,39.055022,0.48875,17.83621705026
id_000547,valid,5687,Summer,1,0,Dry,34.49,0.60125,17.36760621038
id_000548,test,NA,Summer,1,0,Dry,37.844978,0.51875,18.17177087762
id_000549,train,6227,Summer,1,1,Dry,35.590022,0.447083,21.05481658326
id_000550,test,NA,Summer,1,1,Dry,35.534978,0.492083,13.61160298986
id_000551,train,7403,Summer,1,0,Dry,36.085022,0.53875,14.551089011
id_000552,train,6241,Summer,1,1,Dry,38.615,0.457917,20.92132826762
id_000553,train,6207,Summer,1,1,Dry,38.669978,0.450833,15.75787514076
id_000554,valid,4840,Summer,1,0,Dry,40.870022,0.492083,17.63533762212
id_000555,valid,4672,Summer,1,0,Dry,38.285,0.57375,13.54604491562
id_000556,valid,6569,Summer,1,1,Rain,30.914978,0.683333,19.5137705355
id_000557,train,6290,Summer,1,1,Rain,31.574978,0.6675,16.36116037986
id_000558,train,7264,Summer,1,1,Dry,31.300022,0.633333,16.36072907674
id_000559,valid,7446,Summer,1,1,Dry,31.244978,0.529583,15.8261288595
id_000560,train,7499,Summer,1,1,Rain,32.290022,0.485833,8.717714313
id_000561,valid,6969,Summer,1,0,Rain,30.419978,0.699167,15.49230024462
id_000562,train,6031,Summer,1,0,Dry,33.224978,0.717917,17.97099927526
id_000563,valid,6830,Summer,1,1,Dry,34.379978,0.645,17.70359134086
id_000564,train,6786,Summer,1,1,Dry,38.009978,0.505833,12.33839617962
id_000565,train,5713,Summer,1,1,Dry,36.359978,0.577083,14.81979085476
id_000566,train,6591,Summer,1,1,Dry,34.82,0.600417,17.83751095962
id_000567,valid,5870,Summer,1,1,Rain,27.944978,0.844167,22.53202976926
id_000568,valid,4459,Summer,1,0,Snow,23.324978,0.865417,22.999238874
id_000569,train,7410,Summer,1,0,Rain,28.055,0.7625,10.127083518224
id_000570,valid,6966,Summer,1,1,Dry,32.950022,0.694167,14.95360264774
id_000571,train,7592,Summer,1,1,Dry,33.554978,0.655,22.80019248412
id_000572,train,8173,Summer,1,1,Dry,31.795022,0.45,17.769688544
id_000573,valid,6861,Summer,1,1,Dry,35.260022,0.596667,30.71018387914
id_000574,train,6904,Summer,1,1,Dry,35.590022,0.594583,16.49648173376
id_000575,test,NA,Summer,1,0,Dry,33.884978,0.613333,16.966386483
id_000576,test,NA,Summer,1,0,Dry,31.630022,0.62375,18.37308160888
id_000577,train,7105,Summer,1,1,Dry,32.234978,0.66875,16.56387284626
id_000578,train,7216,Summer,1,1,Dry,31.079978,0.704167,17.8370796565
id_000579,train,7580,Summer,1,1,Dry,31.355,0.6775,15.22273579462
id_000580,train,7261,Summer,1,1,Dry,33.665,0.659583,13.94769594612
id_000581,train,7175,Summer,1,1,Rain,34.544978,0.6425,23.26794071776
id_000582,test,NA,Summer,1,0,Dry,36.359978,0.613333,27.76060966724
id_000583,train,5464,Summer,1,0,Dry,34.765022,0.6525,31.31487085338
id_000584,train,7013,Summer,1,1,Rain,33.665,0.654167,13.94769594612
id_000585,valid,7273,Summer,1,1,Rain,32.564978,0.70375,12.60569628824
id_000586,train,7534,Summer,1,1,Rain,33.5,0.672917,11.936313846
id_000587,train,7286,Summer,1,1,Dry,33.884978,0.620417,16.831604258
id_000588,test,NA,Summer,1,1,Rain,31.244978,0.715833,25.75019799914
id_000589,test,NA,Summer,1,0,Rain,29.705,0.732917,22.26375922862
id_000590,train,6544,Summer,1,0,Dry,30.254978,0.530417,13.20995195936
id_000591,valid,6883,Summer,1,1,Dry,31.574978,0.545417,14.68716514536
id_000592,train,6784,Summer,1,1,Dry,31.960022,0.686667,18.23959329324
id_000593,test,NA,Summer,1,1,Dry,30.640022,0.619583,18.30569049638
id_000594,train,7605,Summer,1,1,Dry,31.465022,0.519167,15.28926430088
id_000595,test,NA,Summer,1,1,Dry,31.739978,0.570833,24.94592550612
id_000596,test,NA,Summer,1,0,Dry,28.769978,0.603333,19.17864801126
id_000597,valid,4549,Summer,1,0,Rain,25.964978,0.711667,9.321538681
id_000598,valid,6530,Summer,1,1,Rain,25.964978,0.734167,14.01508705862
id_000599,train,7006,Summer,1,1,Dry,26.845022,0.67375,7.846568271224
id_000600,train,7375,Summer,1,1,Dry,28.055,0.677083,7.578351643474
id_000601,train,7765,Summer,1,1,Dry,29.924978,0.635833,9.121608119724
id_000602,valid,7582,Summer,1,1,Rain,30.365,0.615,7.779177158724
id_000603,test,NA,Summer,1,0,Rain,27.670022,0.712917,26.35348323824
id_000604,valid,5255,Summer,1,0,Rain,27.119978,0.845833,24.67679235924
id_000605,test,NA,Summer,1,1,Dry,30.419978,0.730417,13.88073613674
id_000606,train,7040,Summer,1,1,Dry,32.069978,0.62,20.5866370465
id_000607,train,7697,Summer,1,1,Dry,29.21,0.552083,12.13708544836
id_000608,train,7713,Summer,1,1,Dry,30.640022,0.590417,8.315168328526
id_000609,train,7350,Summer,1,1,Dry,34.435022,0.5875,18.17220218074
id_000610,train,6140,Summer,1,0,Rain,33.719978,0.638333,12.20447656086
id_000611,test,NA,Summer,1,0,Rain,29.980022,0.815,6.908483985224
id_000612,train,6034,Summer,1,0,Dry,30.695,0.790833,16.29473969938
id_000613,test,NA,Summer,1,1,Dry,31.904978,0.755,25.48149615538
id_000614,valid,7112,Summer,1,1,Dry,32.620022,0.74125,20.25054409024
id_000615,test,NA,Summer,1,1,Rain,29.980022,0.810417,15.35665541338
id_000616,train,7504,Summer,1,1,Dry,30.419978,0.73625,18.50786383388
id_000617,test,NA,Summer,1,0,Rain,27.505022,0.799167,30.31025806112
id_000618,train,8227,Summer,1,0,Dry,24.26,0.5475,24.20645630688
id_000619,train,7525,Summer,1,1,Dry,22.499978,0.50375,27.89593102114
id_000620,train,7767,Summer,1,1,Dry,22.115,0.52,9.925815917276
id_000621,valid,7870,Summer,1,1,Dry,23.545022,0.577083,14.21639778988
id_000622,test,NA,Summer,1,1,Dry,24.425,0.637083,8.919434782224
id_000623,valid,8009,Summer,1,1,Dry,25.799978,0.6725,11.19910898814
id_000624,train,8714,Summer,1,0,Dry,24.149978,0.501667,26.68914489138
id_000625,train,7333,Summer,1,0,Dry,22.28,0.57,9.724084665474
id_000626,train,6869,Summer,1,1,Rain,22.334978,0.734583,16.36169950876
id_000627,valid,4073,Summer,1,1,Rain,25.139978,0.8725,38.55709719286
id_000628,train,7591,Summer,1,1,Dry,20.465,0.536667,23.2014122115
id_000629,train,7720,Summer,1,1,Dry,20.080022,0.618333,12.74144894526
id_000630,test,NA,Summer,1,1,Dry,23.545022,0.66875,16.629862223620002
id_000631,train,8395,Summer,1,0,Dry,26.9,0.646667,30.57755816974
id_000632,test,NA,Fall,1,0,Dry,18.925022,0.467083,24.07296799124
id_000633,test,NA,Fall,1,1,Dry,17.935022,0.492917,15.35482237512
id_000634,train,7538,Fall,1,1,Dry,20.3,0.57,25.48149615538
id_000635,train,7733,Fall,1,1,Dry,25.91,0.630833,26.352620632
id_000636,train,7393,Fall,1,1,Rain,26.9,0.690833,14.48553093676
id_000637,test,NA,Fall,1,1,Rain,24.865022,0.69,17.70272873462
id_000638,train,8555,Fall,1,0,Dry,19.805,0.542917,24.54157883112
id_000639,valid,6889,Fall,1,0,Dry,18.760022,0.583333,14.55195161724
id_000640,train,6778,Fall,1,1,Rain,18.374978,0.649167,9.791033692276
id_000641,test,NA,Fall,1,1,Snow,22.994978,0.871667,11.2650983655
id_000642,train,7572,Fall,1,1,Rain,27.395,0.79375,7.175352790724
id_000643,valid,7328,Fall,1,1,Rain,27.395,0.722917,12.67448913588
id_000644,train,8156,Fall,1,1,Dry,24.59,0.6275,11.467271703
id_000645,train,7965,Fall,1,0,Dry,20.575022,0.664167,28.9000046845
id_000646,valid,3510,Fall,1,0,Rain,11.444978,0.708333,15.22090275636
id_000647,train,5478,Fall,1,0,Rain,9.299978,0.709583,20.45228612462
id_000648,train,6392,Fall,1,1,Rain,13.480022,0.761667,20.519245934
id_000649,train,7691,Fall,1,1,Dry,17.935022,0.630833,20.25194582538
id_000650,valid,7570,Fall,1,1,Dry,12.71,0.463333,19.58073034488
id_000651,train,7282,Fall,1,1,Dry,12.875,0.539167,25.34897827176
id_000652,test,NA,Fall,1,0,Dry,9.959978,0.494583,15.75787514076
id_000653,train,6639,Fall,1,0,Dry,18.430022,0.640417,30.04155621736
id_000654,train,5875,Fall,1,1,Rain,21.070022,0.7075,31.92042043386
id_000655,train,7534,Fall,1,1,Dry,14.909978,0.558333,19.64812145738
id_000656,train,7461,Fall,1,1,Dry,14.084978,0.692917,10.93040714438
id_000657,train,7509,Fall,1,1,Rain,18.485,0.728333,25.54791683586
id_000658,train,5424,Fall,1,1,Rain,21.179978,0.815,14.55152031412
id_000659,train,8090,Fall,1,0,Dry,15.955022,0.572917,12.67351870386
id_000660,test,NA,Fall,1,0,Dry,14.635022,0.51,17.90490207212
id_000661,test,NA,Fall,1,1,Dry,16.175,0.568333,8.786000379474
id_000662,test,NA,Fall,1,1,Dry,19.915022,0.641667,10.194474630724
id_000663,train,7693,Fall,1,1,Dry,22.775,0.63625,7.847474007776
id_000664,train,7359,Fall,1,1,Rain,20.3,0.800417,13.4108313875
id_000665,train,7444,Fall,1,1,Rain,20.024978,0.807083,14.28335759926
id_000666,train,7852,Fall,1,0,Rain,18.98,0.72,25.41367373976
id_000667,train,4459,Fall,1,0,Rain,15.515,0.694583,42.91552304624
id_000668,valid,22,Fall,1,1,Snow,13.04,0.88,38.623194396
id_000669,train,1096,Fall,1,1,Rain,5.000012,0.825455,22.96786157202
id_000670,train,5566,Fall,1,1,Rain,7.595,0.666667,17.97099927526
id_000671,train,5986,Fall,1,1,Rain,8.144978,0.581667,16.96595517988
id_000672,train,5847,Fall,1,1,Dry,7.43,0.522083,28.7005269915
id_000673,train,5138,Fall,1,0,Rain,6.659978,0.49125,29.17000043762
id_000674,valid,5107,Fall,1,0,Dry,5.504978,0.532917,19.31245980424
id_000675,test,NA,Fall,1,1,Dry,5.065022,0.494167,25.4819274585
id_000676,train,5686,Fall,1,1,Dry,2.534978,0.567083,18.70917456514
id_000677,test,NA,Fall,1,1,Rain,3.524978,0.5475,32.79068230424
id_000678,train,5315,Fall,1,1,Dry,7.243484,0.333478,37.5055801863
id_000679,train,5992,Fall,1,1,Dry,7.870022,0.540833,23.13488370524
id_000680,train,6536,Fall,1,0,Dry,9.685022,0.645417,6.237268504724
id_000681,test,NA,Fall,1,0,Dry,11.774978,0.659167,13.74778695
id_000682,test,NA,Fall,1,0,Dry,16.01,0.741667,18.70960586826
id_000683,test,NA,Fall,1,1,Rain,6.659978,0.662917,36.88137674588
id_000684,train,5495,Fall,1,1,Dry,3.085022,0.552083,21.5247213325
id_000685,test,NA,Fall,1,1,Rain,5.230022,0.620417,16.49594260486
id_000686,train,5698,Fall,1,1,Dry,6.77,0.524583,18.4409040245
id_000687,valid,5629,Fall,1,0,Dry,5.45,0.545417,19.37941961362
id_000688,train,4669,Fall,1,0,Dry,6.605,0.692917,24.54244143736
id_000689,train,5499,Fall,1,1,Rain,9.134978,0.623333,25.34628262726
id_000690,train,5634,Fall,1,1,Rain,8.695022,0.685,8.9198876505
id_000691,train,5146,Fall,1,1,Dry,7.319978,0.61375,11.13258048188
id_000692,train,2425,Fall,1,0,Dry,6.44,0.580417,5.700835249224
id_000693,test,NA,Fall,1,1,Dry,8.309978,0.56875,15.96047978138
id_000694,valid,2277,Fall,1,0,Dry,2.369978,0.404583,40.63640953438
id_000695,train,2424,Fall,1,0,Dry,0.224978,0.468333,16.22777989
id_000696,train,5087,Fall,1,1,Dry,4.679978,0.535417,5.030072637
id_000697,train,3959,Fall,1,1,Rain,3.250022,0.786667,25.61530794836
id_000698,train,5260,Fall,1,1,Dry,3.580022,0.50625,22.73193876538
id_000699,train,5323,Fall,1,1,Dry,2.53742,0.555652,12.45624975716
id_000700,valid,5668,Fall,1,1,Dry,3.689978,0.649583,6.304659617224
id_000701,test,NA,Fall,1,0,Rain,3.689978,0.806667,6.437651934276
id_000702,valid,4649,Fall,1,0,Rain,6.935,0.823333,13.41126269062
id_000703,test,NA,Fall,1,1,Dry,13.865,0.7675,8.919434782224
id_000704,train,6606,Fall,1,1,Dry,15.404978,0.73375,18.77559524562
id_000705,test,NA,Fall,1,1,Dry,12.929978,0.485,34.93781706138
id_000706,train,5375,Fall,1,1,Dry,0.884977999999997,0.50875,18.84298635812
id_000707,train,5008,Fall,1,1,Rain,5.174978,0.764167,14.082046868
id_000708,train,5582,Fall,1,0,Rain,9.190022,0.91125,10.93126975062
id_000709,valid,3228,Fall,1,0,Rain,9.355022,0.905417,17.0337775955
id_000710,test,NA,Fall,1,1,Rain,12.764978,0.925,20.52010854024
id_000711,test,NA,Fall,1,1,Rain,7.319978,0.596667,31.92042043386
id_000712,test,NA,Fall,1,1,Rain,3.635,0.538333,17.56880911586
id_000713,valid,5532,Fall,1,1,Dry,3.524978,0.485833,18.77559524562
id_000714,train,5611,Fall,1,1,Dry,2.590022,0.642917,14.14986928362
id_000715,train,5047,Fall,1,0,Dry,5.395022,0.650417,11.467271703
id_000716,train,3786,Fall,1,0,Rain,7.925,0.83875,10.86258472876
id_000717,test,NA,Fall,1,1,Rain,9.959978,0.907083,10.594777838974
id_000718,valid,5557,Fall,1,1,Dry,11.114978,0.66625,23.87305899512
id_000719,train,5267,Fall,1,1,Dry,5.945,0.625417,19.84986349176
id_000720,test,NA,Fall,1,1,Rain,5.78,0.667917,14.28292629614
id_000721,train,3623,Winter,1,1,Rain,5.560022,0.556667,40.36813899374
id_000722,test,NA,Winter,1,0,Dry,1.544978,0.44125,43.92240017988
id_000723,train,1787,Winter,1,0,Dry,0.224978,0.515417,14.34977827974
id_000724,valid,920,Winter,1,1,Rain,-0.733936,0.791304,8.327428119712
id_000725,train,1013,Winter,1,0,Rain,3.226064,0.734783,18.19301255628
id_000726,train,441,Winter,1,1,Snow,0.059978000000001,0.823333,34.13181935588
id_000727,valid,2114,Winter,1,1,Rain,0.775022,0.652917,37.75336382874
id_000728,train,3095,Winter,1,1,Rain,0.719977999999998,0.59,16.76378184238
id_000729,train,1341,Winter,1,0,Rain,0.719977999999998,0.752917,13.41169399374
id_000730,train,1796,Winter,1,0,Dry,0.884977999999997,0.483333,37.82032363812
id_000731,test,NA,Winter,1,1,Rain,-1.755022,0.5775,16.69639072988
